,0
0,https://www.linkedin.com/in/nirkaldero
1,https://www.linkedin.com/in/miketamir
2,https://www.linkedin.com/in/christopher-desilva
3,https://www.linkedin.com/in/erindesmond
4,https://www.linkedin.com/in/lijeffrey
5,https://www.linkedin.com/in/adrianbjune
6,https://www.linkedin.com/in/tammyclee
7,https://www.linkedin.com/in/juliakho
8,https://www.linkedin.com/in/danwiesenthal
9,https://www.linkedin.com/in/keisukeirie
10,https://www.linkedin.com/in/michaellouisdyer
11,https://www.linkedin.com/in/grosskatie
12,https://www.linkedin.com/in/keisukeirie
13,https://www.linkedin.com/in/markjllorente
14,https://www.linkedin.com/in/danwiesenthal
15,https://www.linkedin.com/in/bryantravissmith
16,https://www.linkedin.com/in/emilytaford
17,https://www.linkedin.com/in/andrea-fabry
18,https://www.linkedin.com/in/starshman
19,https://www.linkedin.com/in/elliott-saslow
20,https://www.linkedin.com/in/seanreed1
21,https://www.linkedin.com/in/vickyandonova
22,https://www.linkedin.com/in/aniket-majumdar-00b4422
23,https://www.linkedin.com/in/conorbmurphy
24,https://www.linkedin.com/in/erinwolpert
25,https://www.linkedin.com/in/benjamin-skrainka
26,https://www.linkedin.com/in/lijeffrey
27,https://www.linkedin.com/in/trchan
28,https://www.linkedin.com/in/joanna-hou-2016
29,https://www.linkedin.com/in/danamkaplan
30,https://www.linkedin.com/in/brianspiering
31,https://www.linkedin.com/in/ziru-fan
32,https://www.linkedin.com/in/joshuabernhard
33,https://www.linkedin.com/in/jared-thompson-phd-41389825
34,https://www.linkedin.com/in/davidyakobovitch
35,https://www.linkedin.com/in/blair-thurman
36,https://www.linkedin.com/in/pengyuwei
37,https://www.linkedin.com/in/danielle-saunders-b3a26667
38,https://www.linkedin.com/in/camilla-nawaz
39,https://www.linkedin.com/in/dawnlu9
40,https://www.linkedin.com/in/scott-schwartz-b2527212a
41,https://www.linkedin.com/in/navata-m
42,https://www.linkedin.com/in/jostinefho
43,https://www.linkedin.com/in/james-zyc
44,https://www.linkedin.com/in/darren-reger
45,https://www.linkedin.com/in/guillaumebabo
46,https://www.linkedin.com/in/crystalhumphries
47,https://www.linkedin.com/in/garrettjanderson
48,https://www.linkedin.com/in/nirkaldero/zh-cn
49,https://www.linkedin.com/in/bkcline
50,https://www.linkedin.com/in/johnslama
51,https://www.linkedin.com/in/nazgol-moshtaghi-6033b030
52,https://www.linkedin.com/in/danrupp
53,https://www.linkedin.com/in/amanda-bowers-aa18ba31
54,https://www.linkedin.com/in/davidyakobovitch/de
55,https://www.linkedin.com/in/chadvalencia
56,https://www.linkedin.com/in/michaeljoyce217
57,https://www.linkedin.com/in/tdeason416
58,https://www.linkedin.com/in/chau-dao
59,https://www.linkedin.com/in/npatil1
60,https://www.linkedin.com/in/mcohenmcohen
61,https://www.linkedin.com/in/daryleserrant
62,https://www.linkedin.com/in/kammy-deng
63,https://www.linkedin.com/in/minoo-beyzavi-699775104
64,https://www.linkedin.com/in/rebecca-ruppel
65,https://www.linkedin.com/in/soniamalik1985
66,https://www.linkedin.com/in/christianajsmith
67,https://www.linkedin.com/in/rismakov
68,https://www.linkedin.com/in/gregkamradt
69,https://www.linkedin.com/in/aaronlichtner
70,https://www.linkedin.com/in/thomasjdobbs
71,https://www.linkedin.com/in/danielgloven
72,https://www.linkedin.com/in/mnghuang
73,https://www.linkedin.com/in/imthou
74,https://www.linkedin.com/in/christopherlepensky
75,https://www.linkedin.com/in/tyleratk
76,https://www.linkedin.com/in/lemur
77,https://www.linkedin.com/in/nathan-lande-3181566a
78,https://www.linkedin.com/in/adel-sabirova
79,https://www.linkedin.com/in/mileserickson
80,https://www.linkedin.com/in/venanciomarques/en
81,https://www.linkedin.com/in/rebeccanjeri
82,https://www.linkedin.com/in/vince-kumar
83,https://www.linkedin.com/in/tyler-n-watson
84,https://www.linkedin.com/in/sageelliott
85,https://www.linkedin.com/in/gretchenriggs
86,https://www.linkedin.com/in/jonathanclin84
87,https://www.linkedin.com/in/kayla-thomas
88,https://www.linkedin.com/in/earlynr
89,https://www.linkedin.com/in/haebichan
90,https://de.linkedin.com/in/ameliamaier/de
91,https://www.linkedin.com/in/amberjrivera
92,https://www.linkedin.com/in/stong1108
93,https://www.linkedin.com/in/chyld
94,https://www.linkedin.com/in/davidyakobovitch/zh-cn
95,https://www.linkedin.com/in/alexjsanchez
96,https://www.linkedin.com/in/benjamin-skrainka/de
97,https://www.linkedin.com/in/jp-wright
98,https://www.linkedin.com/in/liliyao
99,https://www.linkedin.com/in/taylor-hagin
100,https://www.linkedin.com/in/skylarversage
101,https://www.linkedin.com/in/jesse-yang-0731
102,https://www.linkedin.com/in/forest-polchow
103,https://www.linkedin.com/in/hughdbrown
104,https://www.linkedin.com/in/jpoquiz
105,https://www.linkedin.com/in/acu192
106,https://www.linkedin.com/in/jeremymiller00
107,https://www.linkedin.com/in/shanemilek
108,https://www.linkedin.com/in/denton-zhao
109,https://www.linkedin.com/in/albada
110,https://www.linkedin.com/in/katie-slayden
111,https://www.linkedin.com/in/philip-geurin
112,https://www.linkedin.com/in/bradleyajacobs
113,https://ee.linkedin.com/in/carlosjgallardo/de
114,https://www.linkedin.com/in/dwww2012
115,https://www.linkedin.com/in/nateg-ai
116,https://www.linkedin.com/in/jeffonabike
117,https://www.linkedin.com/in/anushadevimohan
118,https://www.linkedin.com/in/arthur-chisolm-galvanize/
119,https://www.linkedin.com/in/leanne-baldwin
120,https://www.linkedin.com/in/algagliardi
121,https://www.linkedin.com/in/willtong
122,https://www.linkedin.com/in/drjagartner/en
123,https://www.linkedin.com/in/millertracy1
124,https://www.linkedin.com/in/sgreylewis
125,https://www.linkedin.com/in/benjamin-malnor
126,https://www.linkedin.com/in/pagrus
127,https://www.linkedin.com/in/jennyslu
128,https://www.linkedin.com/in/eugene-huang-00bba044
129,https://www.linkedin.com/in/tek-basel
130,https://www.linkedin.com/in/jackbennetto
131,https://www.linkedin.com/in/mandellsean
132,https://www.linkedin.com/in/hutch-brock-19a463112
133,https://www.linkedin.com/in/claremarie
134,https://www.linkedin.com/in/ryanorban
135,https://www.linkedin.com/in/moses-marsh-4a6aa1100
136,https://www.linkedin.com/in/jbisconde
137,https://www.linkedin.com/in/aliceykuo
138,https://www.linkedin.com/in/kristiewirth
139,https://www.linkedin.com/in/woodardjonathan
140,https://www.linkedin.com/in/jscottcronin
141,https://www.linkedin.com/in/salkhan09
142,https://www.linkedin.com/in/osbornt
143,https://www.linkedin.com/in/maggiestewartphd
144,https://www.linkedin.com/in/jennifer-key
145,https://www.linkedin.com/in/puneetlahoty
146,https://www.linkedin.com/in/jamenlong
147,https://www.linkedin.com/in/james-woodruff
148,https://www.linkedin.com/in/krishnatray
149,https://www.linkedin.com/in/ebanner
150,https://www.linkedin.com/in/joelnkcarlson
151,https://www.linkedin.com/in/susiexsun
152,https://www.linkedin.com/in/jenniferdunneco
153,https://www.linkedin.com/in/azstein
154,https://in.linkedin.com/in/sunakshibhatia
155,https://www.linkedin.com/in/abhi-banerjee
156,https://www.linkedin.com/in/lee-pang
157,https://www.linkedin.com/in/rita-golovonevsky
158,https://www.linkedin.com/in/seansall
159,https://www.linkedin.com/in/douglaskenney
160,https://www.linkedin.com/in/stefaniebernosky
161,https://www.linkedin.com/in/willprice221
162,https://www.linkedin.com/in/junoleelj
163,https://www.linkedin.com/in/apoorvc
164,https://www.linkedin.com/in/alexgcuevas
165,https://www.linkedin.com/in/marshallmcquillen
166,https://www.linkedin.com/in/carlosjgallardo
167,https://www.linkedin.com/in/christopher-luiz
168,https://www.linkedin.com/in/aaronjyu
169,https://www.linkedin.com/in/kushpatel89
170,https://www.linkedin.com/in/inamdarpushkar
171,https://www.linkedin.com/in/arun-sharma-23105b11
172,https://www.linkedin.com/in/realmichaelfpalmer
173,https://www.linkedin.com/in/shakavi
174,https://www.linkedin.com/in/alexknittel
175,https://www.linkedin.com/in/scottnkurland
176,https://www.linkedin.com/in/tovio-roberts
177,https://www.linkedin.com/in/ljameshu
178,https://www.linkedin.com/in/jennytang1224
179,https://www.linkedin.com/in/ivancorneillet
180,https://www.linkedin.com/in/annieevans83
181,https://www.linkedin.com/in/timothy-salazar
182,https://de.linkedin.com/in/scott-simontacchi-95023973/de
183,https://www.linkedin.com/in/prantik-ghosh
184,https://www.linkedin.com/in/olga-iushchenko
185,https://www.linkedin.com/in/robertsherer
186,https://www.linkedin.com/in/michelleseulkilee
187,https://www.linkedin.com/in/jacob-eli-thomas-4377037
188,https://www.linkedin.com/in/johnchuckcase
189,https://uk.linkedin.com/in/simonpetre
190,https://www.linkedin.com/in/maria-mendieta
191,https://www.linkedin.com/in/camcarver
192,https://www.linkedin.com/in/scottalanlittle
193,https://www.linkedin.com/in/janehustonmph
194,https://www.linkedin.com/in/himaniagrawalds
195,https://www.linkedin.com/in/rafael-carrasco
196,https://www.linkedin.com/in/brett-ashley-mccoubrey
197,https://www.linkedin.com/in/tarynheilman
198,https://www.linkedin.com/in/klutz4
199,https://www.linkedin.com/in/antonshvets
200,https://www.linkedin.com/in/mrasharma
201,https://www.linkedin.com/in/susan-eraly-8a2b2839
202,https://www.linkedin.com/in/rkw0k
203,https://www.linkedin.com/in/iamian
204,https://www.linkedin.com/in/jaredpolivka
205,https://www.linkedin.com/in/michael-moniger
206,https://www.linkedin.com/in/shuhn
207,https://www.linkedin.com/in/amcyg
208,https://www.linkedin.com/in/tracy-shields
209,https://www.linkedin.com/in/adam-richards-phd
210,https://www.linkedin.com/in/jnell2
211,https://www.linkedin.com/in/amysaylor
212,https://ca.linkedin.com/in/polonglin
213,https://www.linkedin.com/in/kimdsorensen
214,https://www.linkedin.com/in/chrisfellerlinkedn
215,https://www.linkedin.com/in/ana-domingues-alves-a6033519
216,https://www.linkedin.com/in/jeff-saler
217,https://www.linkedin.com/in/trevor-wolfe
218,https://www.linkedin.com/in/ed-white
219,https://www.linkedin.com/in/akey7
220,https://www.linkedin.com/in/kitakoj18
221,https://www.linkedin.com/in/jerrystsai
222,https://www.linkedin.com/in/klazellfairman
223,https://www.linkedin.com/in/praveen0293
224,https://www.linkedin.com/in/alexspiliotopoulos
225,https://www.linkedin.com/in/jakeshomer
226,https://www.linkedin.com/in/markhevans
227,https://www.linkedin.com/in/doosan-jackson-jung
228,https://www.linkedin.com/in/tyrone-desilva-949b1a45
229,https://www.linkedin.com/in/tyrone-desilva-949b1a45
230,https://www.linkedin.com/in/deepaksingh93
231,https://www.linkedin.com/in/charlottedzialo
232,https://www.linkedin.com/in/pengyuwei/de
233,https://www.linkedin.com/in/hemalathavakade
234,https://www.linkedin.com/in/johnprendergastds
235,https://www.linkedin.com/in/bryn-stark-654284101
236,https://www.linkedin.com/in/mpmakris
237,https://www.linkedin.com/in/venanciomarques
238,https://www.linkedin.com/in/michael-beilman-7b85951a
239,https://www.linkedin.com/in/whitneypmeer
240,https://www.linkedin.com/in/cristinedewar
241,https://www.linkedin.com/in/nikhilmakaram
242,https://www.linkedin.com/in/iamwilljohnson
243,https://www.linkedin.com/in/clementriedel
244,https://www.linkedin.com/in/programng
245,https://www.linkedin.com/in/ds-blitz/de
246,https://www.linkedin.com/in/liz-berg
247,https://www.linkedin.com/in/imranyounus
248,https://www.linkedin.com/in/christina-back
249,https://www.linkedin.com/in/deepnarainsingh1
250,https://www.linkedin.com/in/trentwoodbury
251,https://www.linkedin.com/in/shaked-shalem-24490062
252,https://www.linkedin.com/in/jsph7
253,https://www.linkedin.com/in/marvinbertin
254,https://www.linkedin.com/in/rdowd003
255,https://www.linkedin.com/in/brendan-dorsey
256,https://www.linkedin.com/in/malloriharrell
257,https://www.linkedin.com/in/lindseyeggleston
258,https://www.linkedin.com/in/erichsieh1
259,https://www.linkedin.com/in/ahkraemer
260,https://www.linkedin.com/in/emilyyspahn
261,https://www.linkedin.com/in/pat-ross
262,https://www.linkedin.com/in/elliott-saslow-4b798412a/zh-cn
263,https://www.linkedin.com/in/masontylerjames
264,https://www.linkedin.com/in/ericbragas93
265,https://www.linkedin.com/in/michaelcampbell1988
266,https://www.linkedin.com/in/aamirshaikh2
267,https://www.linkedin.com/in/sherifabushadi/de
268,https://www.linkedin.com/in/elliott-saslow-4b798412a/de
269,https://www.linkedin.com/in/maxgrossenbacher/de
270,https://www.linkedin.com/in/matthewfred
271,https://www.linkedin.com/in/maryelizabethbarnes
272,https://www.linkedin.com/in/robertsherer/zh-cn
273,https://www.linkedin.com/in/bjwoo
274,https://www.linkedin.com/in/michaelahood
275,https://www.linkedin.com/in/charlottedzialo/zh-cn
276,https://www.linkedin.com/in/nathanzukoff
277,https://www.linkedin.com/in/chenzhih03
278,https://www.linkedin.com/in/howardvickers
279,https://www.linkedin.com/in/thomas-adams-27854816a
280,https://www.linkedin.com/in/evanhosmer
281,https://www.linkedin.com/in/koyuki-nakamori
282,https://www.linkedin.com/in/mathias-darr-288381a5
283,https://www.linkedin.com/in/matthew-j-wong
284,https://www.linkedin.com/in/reddingcharles
285,https://www.linkedin.com/in/seanecostello
286,https://www.linkedin.com/in/corbinfoster
287,https://lc.linkedin.com/in/robertsherer/de
288,https://www.linkedin.com/in/krdooley
289,https://www.linkedin.com/in/maripqz
290,https://www.linkedin.com/in/hollisnolan
291,https://www.linkedin.com/in/michaelgsuttles
292,https://www.linkedin.com/in/david-wrench-07425589/de
293,https://www.linkedin.com/in/gabriel-nishimura
294,https://www.linkedin.com/in/ta-steven
295,https://www.linkedin.com/in/yulia-yukina-05653b19
296,https://www.linkedin.com/in/elizabeth-guy
